result,total_time,photo_test_name,time_cropped,time_predict
"[{'target_node': '58670512_875982496079794_2653712029927342080_n_face_2.jpg', 'results': [{'photoName': '58670512_875982496079794_2653712029927342080_n.jpg'}], 'start_time': datetime.datetime(2023, 12, 23, 11, 55, 35, 453640), 'end_time': datetime.datetime(2023, 12, 23, 11, 55, 35, 453640)}]",2.432653,Chi Quyen_58694157_875982369413140_2524073699137552384_n_face_0.jpg,2.432653,0.0
"[{'target_node': '52065952_595714970892992_6193180246255075328_n_face_0.jpg', 'results': [{'photoName': '52065952_595714970892992_6193180246255075328_n.jpg'}], 'start_time': datetime.datetime(2023, 12, 23, 11, 55, 35, 453640), 'end_time': datetime.datetime(2023, 12, 23, 11, 55, 35, 453640)}, {'target_node': '58670512_875982496079794_2653712029927342080_n_face_1.jpg', 'results': [{'photoName': '58670512_875982496079794_2653712029927342080_n.jpg'}], 'start_time': datetime.datetime(2023, 12, 23, 11, 55, 35, 453640), 'end_time': datetime.datetime(2023, 12, 23, 11, 55, 35, 453640)}]",3.021526,Chi Quyen_58694157_875982369413140_2524073699137552384_n_face_1.jpg,3.021526,0.0
"[{'target_node': '348448568_3457179291203940_3001385669850955190_n_face_0.jpg', 'results': [], 'start_time': datetime.datetime(2023, 12, 23, 11, 55, 35, 453640), 'end_time': datetime.datetime(2023, 12, 23, 11, 55, 35, 453640)}, {'target_node': '348462346_1599975467080314_8069228128132654420_n_face_0.jpg', 'results': [], 'start_time': datetime.datetime(2023, 12, 23, 11, 55, 35, 453640), 'end_time': datetime.datetime(2023, 12, 23, 11, 55, 35, 453640)}, {'target_node': '356397002_629662122559277_293911731726938112_n_face_0.jpg', 'results': [], 'start_time': datetime.datetime(2023, 12, 23, 11, 55, 35, 453640), 'end_time': datetime.datetime(2023, 12, 23, 11, 55, 35, 453640)}, {'target_node': '358612573_638188355039987_334504307083415394_n_face_0.jpg', 'results': [], 'start_time': datetime.datetime(2023, 12, 23, 11, 55, 35, 453640), 'end_time': datetime.datetime(2023, 12, 23, 11, 55, 35, 453640)}, {'target_node': '365977950_650853723773450_5063078229328757805_n_face_0.jpg', 'results': [], 'start_time': datetime.datetime(2023, 12, 23, 11, 55, 35, 453640), 'end_time': datetime.datetime(2023, 12, 23, 11, 55, 35, 453640)}, {'target_node': '371118912_661189002739922_5372062712138945873_n_face_0.jpg', 'results': [], 'start_time': datetime.datetime(2023, 12, 23, 11, 55, 35, 453640), 'end_time': datetime.datetime(2023, 12, 23, 11, 55, 35, 453640)}, {'target_node': '375875986_668588485333307_2924394594114806286_n_face_0.jpg', 'results': [], 'start_time': datetime.datetime(2023, 12, 23, 11, 55, 35, 453640), 'end_time': datetime.datetime(2023, 12, 23, 11, 55, 35, 453640)}, {'target_node': '375969158_668588488666640_3633354783934666737_n_face_0.jpg', 'results': [], 'start_time': datetime.datetime(2023, 12, 23, 11, 55, 35, 453640), 'end_time': datetime.datetime(2023, 12, 23, 11, 55, 35, 453640)}]",2.545426,ChiJena_381268196_674936228031866_3303563630878907704_n_face_0.jpg,2.545426,0.0
"[{'target_node': '370518432_3686563951575155_1768129710849050859_n_face_1.jpg', 'results': [], 'start_time': datetime.datetime(2023, 12, 23, 11, 55, 35, 453640), 'end_time': datetime.datetime(2023, 12, 23, 11, 55, 35, 453640)}, {'target_node': '370565386_3686563938241823_7969307815219713869_n_face_2.jpg', 'results': [], 'start_time': datetime.datetime(2023, 12, 23, 11, 55, 35, 453640), 'end_time': datetime.datetime(2023, 12, 23, 11, 55, 35, 453640)}, {'target_node': '370565580_3686563968241820_470505662653458081_n_face_2.jpg', 'results': [], 'start_time': datetime.datetime(2023, 12, 23, 11, 55, 35, 453640), 'end_time': datetime.datetime(2023, 12, 23, 11, 55, 35, 453640)}, {'target_node': '371327397_3686563898241827_3513752213616040720_n_face_2.jpg', 'results': [{'photoName': '370518432_3686563951575155_1768129710849050859_n.jpg'}, {'photoName': '370565386_3686563938241823_7969307815219713869_n.jpg'}, {'photoName': '370565580_3686563968241820_470505662653458081_n.jpg'}, {'photoName': '371327397_3686563898241827_3513752213616040720_n.jpg'}], 'start_time': datetime.datetime(2023, 12, 23, 11, 55, 35, 453640), 'end_time': datetime.datetime(2023, 12, 23, 11, 55, 35, 453640)}]",2.687537,DieuHuong_370489056_3686563928241824_8735122856772276629_n_face_0.jpg,2.687537,0.0
"[{'target_node': '358427956_3373370076127671_2302542668434134118_n_face_0.jpg', 'results': [], 'start_time': datetime.datetime(2023, 12, 23, 11, 55, 35, 453640), 'end_time': datetime.datetime(2023, 12, 23, 11, 55, 35, 453640)}, {'target_node': '370518432_3686563951575155_1768129710849050859_n_face_3.jpg', 'results': [], 'start_time': datetime.datetime(2023, 12, 23, 11, 55, 35, 453640), 'end_time': datetime.datetime(2023, 12, 23, 11, 55, 35, 453640)}, {'target_node': '370565386_3686563938241823_7969307815219713869_n_face_0.jpg', 'results': [], 'start_time': datetime.datetime(2023, 12, 23, 11, 55, 35, 453640), 'end_time': datetime.datetime(2023, 12, 23, 11, 55, 35, 453640)}, {'target_node': '370565580_3686563968241820_470505662653458081_n_face_0.jpg', 'results': [], 'start_time': datetime.datetime(2023, 12, 23, 11, 55, 35, 453640), 'end_time': datetime.datetime(2023, 12, 23, 11, 55, 35, 453640)}, {'target_node': '371327397_3686563898241827_3513752213616040720_n_face_1.jpg', 'results': [], 'start_time': datetime.datetime(2023, 12, 23, 11, 55, 35, 453640), 'end_time': datetime.datetime(2023, 12, 23, 11, 55, 35, 453640)}, {'target_node': '407141615_3639387889683891_7697099033717682841_n_face_0.jpg', 'results': [], 'start_time': datetime.datetime(2023, 12, 23, 11, 55, 35, 453640), 'end_time': datetime.datetime(2023, 12, 23, 11, 55, 35, 453640)}]",3.028511,DieuHuong_370489056_3686563928241824_8735122856772276629_n_face_1.jpg,3.028511,0.0
"[{'target_node': '370565580_3686563968241820_470505662653458081_n_face_3.jpg', 'results': [{'photoName': '370518432_3686563951575155_1768129710849050859_n.jpg'}, {'photoName': '370565580_3686563968241820_470505662653458081_n.jpg'}], 'start_time': datetime.datetime(2023, 12, 23, 11, 55, 35, 453640), 'end_time': datetime.datetime(2023, 12, 23, 11, 55, 35, 453640)}, {'target_node': '371327397_3686563898241827_3513752213616040720_n_face_4.jpg', 'results': [{'photoName': '371327397_3686563898241827_3513752213616040720_n.jpg'}], 'start_time': datetime.datetime(2023, 12, 23, 11, 55, 35, 453640), 'end_time': datetime.datetime(2023, 12, 23, 11, 55, 35, 453640)}]",2.638173,DieuHuong_370489056_3686563928241824_8735122856772276629_n_face_2.jpg,2.638173,0.0
"[{'target_node': '370518432_3686563951575155_1768129710849050859_n_face_4.jpg', 'results': [], 'start_time': datetime.datetime(2023, 12, 23, 11, 55, 35, 453640), 'end_time': datetime.datetime(2023, 12, 23, 11, 55, 35, 453640)}, {'target_node': '370565580_3686563968241820_470505662653458081_n_face_1.jpg', 'results': [{'photoName': '370565580_3686563968241820_470505662653458081_n.jpg'}], 'start_time': datetime.datetime(2023, 12, 23, 11, 55, 35, 454640), 'end_time': datetime.datetime(2023, 12, 23, 11, 55, 35, 454640)}, {'target_node': '371327397_3686563898241827_3513752213616040720_n_face_0.jpg', 'results': [{'photoName': '370518432_3686563951575155_1768129710849050859_n.jpg'}, {'photoName': '371327397_3686563898241827_3513752213616040720_n.jpg'}], 'start_time': datetime.datetime(2023, 12, 23, 11, 55, 35, 454640), 'end_time': datetime.datetime(2023, 12, 23, 11, 55, 35, 454640)}]",3.0114099999999997,DieuHuong_370489056_3686563928241824_8735122856772276629_n_face_3.jpg,3.01041,0.001
"[{'target_node': '358427956_3373370076127671_2302542668434134118_n_face_0.jpg', 'results': [], 'start_time': datetime.datetime(2023, 12, 23, 11, 55, 35, 454640), 'end_time': datetime.datetime(2023, 12, 23, 11, 55, 35, 454640)}, {'target_node': '370518432_3686563951575155_1768129710849050859_n_face_2.jpg', 'results': [{'photoName': '370518432_3686563951575155_1768129710849050859_n.jpg'}], 'start_time': datetime.datetime(2023, 12, 23, 11, 55, 35, 454640), 'end_time': datetime.datetime(2023, 12, 23, 11, 55, 35, 454640)}, {'target_node': '370565386_3686563938241823_7969307815219713869_n_face_4.jpg', 'results': [], 'start_time': datetime.datetime(2023, 12, 23, 11, 55, 35, 454640), 'end_time': datetime.datetime(2023, 12, 23, 11, 55, 35, 454640)}, {'target_node': '370565580_3686563968241820_470505662653458081_n_face_5.jpg', 'results': [], 'start_time': datetime.datetime(2023, 12, 23, 11, 55, 35, 454640), 'end_time': datetime.datetime(2023, 12, 23, 11, 55, 35, 454640)}, {'target_node': '407997752_3639388409683839_7982321710152362091_n_face_13.jpg', 'results': [], 'start_time': datetime.datetime(2023, 12, 23, 11, 55, 35, 454640), 'end_time': datetime.datetime(2023, 12, 23, 11, 55, 35, 454640)}]",2.270255,DieuHuong_370489056_3686563928241824_8735122856772276629_n_face_4.jpg,2.270255,0.0
"[{'target_node': '324893899_2132123837176590_3598786593678318630_n_face_0.jpg', 'results': [], 'start_time': datetime.datetime(2023, 12, 23, 11, 55, 35, 454640), 'end_time': datetime.datetime(2023, 12, 23, 11, 55, 35, 454640)}, {'target_node': '370518432_3686563951575155_1768129710849050859_n_face_7.jpg', 'results': [{'photoName': '370518432_3686563951575155_1768129710849050859_n.jpg'}], 'start_time': datetime.datetime(2023, 12, 23, 11, 55, 35, 454640), 'end_time': datetime.datetime(2023, 12, 23, 11, 55, 35, 454640)}]",3.079016,DieuHuong_370489056_3686563928241824_8735122856772276629_n_face_5.jpg,3.079016,0.0
[],2.697233,HanhNguyen_324512849_5772098636242202_7009827643447157859_n_face_0.jpg,2.697233,0.0
[],3.322438,HanhNguyen_324512849_5772098636242202_7009827643447157859_n_face_1.jpg,3.322438,0.0
"[{'target_node': '281605609_1834092600113789_7491222588183879240_n_face_0.jpg', 'results': [], 'start_time': datetime.datetime(2023, 12, 23, 11, 55, 35, 454640), 'end_time': datetime.datetime(2023, 12, 23, 11, 55, 35, 454640)}, {'target_node': '320617177_1125905731621328_6916699168318632436_n_face_0.jpg', 'results': [], 'start_time': datetime.datetime(2023, 12, 23, 11, 55, 35, 454640), 'end_time': datetime.datetime(2023, 12, 23, 11, 55, 35, 454640)}, {'target_node': '324237820_720287849683421_9174401543287348821_n_face_0.jpg', 'results': [{'photoName': '128425877_1447808202075566_3397941254130098398_n.jpg'}, {'photoName': '281736267_1834092493447133_1234979614122864447_n.jpg'}, {'photoName': '324237820_720287849683421_9174401543287348821_n.jpg'}], 'start_time': datetime.datetime(2023, 12, 23, 11, 55, 35, 454640), 'end_time': datetime.datetime(2023, 12, 23, 11, 55, 35, 454640)}, {'target_node': '324893899_2132123837176590_3598786593678318630_n_face_0.jpg', 'results': [], 'start_time': datetime.datetime(2023, 12, 23, 11, 55, 35, 454640), 'end_time': datetime.datetime(2023, 12, 23, 11, 55, 35, 454640)}, {'target_node': '326109993_1144490029546535_2343500172480965938_n_face_0.jpg', 'results': [], 'start_time': datetime.datetime(2023, 12, 23, 11, 55, 35, 454640), 'end_time': datetime.datetime(2023, 12, 23, 11, 55, 35, 454640)}, {'target_node': '347788541_938048560578635_7398858451862090751_n_face_0.jpg', 'results': [], 'start_time': datetime.datetime(2023, 12, 23, 11, 55, 35, 454640), 'end_time': datetime.datetime(2023, 12, 23, 11, 55, 35, 454640)}, {'target_node': '354222054_843077577424631_2694820480825142932_n_face_0.jpg', 'results': [{'photoName': '311455849_692191939179863_4994659931600874381_n.jpg'}, {'photoName': '320617177_1125905731621328_6916699168318632436_n.jpg'}, {'photoName': '321748502_434046655480127_8308768698659515434_n.jpg'}, {'photoName': '330120126_1190870491820445_872913362204424529_n.jpg'}, {'photoName': '351161878_101980566257546_7568199001054125114_n.jpg'}, {'photoName': '354222054_843077577424631_2694820480825142932_n.jpg'}], 'start_time': datetime.datetime(2023, 12, 23, 11, 55, 35, 454640), 'end_time': datetime.datetime(2023, 12, 23, 11, 55, 35, 454640)}, {'target_node': '365977950_650853723773450_5063078229328757805_n_face_0.jpg', 'results': [], 'start_time': datetime.datetime(2023, 12, 23, 11, 55, 35, 454640), 'end_time': datetime.datetime(2023, 12, 23, 11, 55, 35, 454640)}, {'target_node': '393260578_3650908808472220_8434419410379710075_n_face_0.jpg', 'results': [], 'start_time': datetime.datetime(2023, 12, 23, 11, 55, 35, 454640), 'end_time': datetime.datetime(2023, 12, 23, 11, 55, 35, 454640)}, {'target_node': '400447193_894766958667505_7707180124773793803_n_face_2.jpg', 'results': [], 'start_time': datetime.datetime(2023, 12, 23, 11, 55, 35, 454640), 'end_time': datetime.datetime(2023, 12, 23, 11, 55, 35, 454640)}, {'target_node': '407088160_3639340409688639_6417481514085222304_n_face_1.jpg', 'results': [], 'start_time': datetime.datetime(2023, 12, 23, 11, 55, 35, 454640), 'end_time': datetime.datetime(2023, 12, 23, 11, 55, 35, 454640)}, {'target_node': '407104376_3639388653017148_8495028654946615563_n_face_3.jpg', 'results': [], 'start_time': datetime.datetime(2023, 12, 23, 11, 55, 35, 454640), 'end_time': datetime.datetime(2023, 12, 23, 11, 55, 35, 454640)}, {'target_node': '407952913_3639388379683842_5678858926668568693_n_face_0.jpg', 'results': [], 'start_time': datetime.datetime(2023, 12, 23, 11, 55, 35, 454640), 'end_time': datetime.datetime(2023, 12, 23, 11, 55, 35, 454640)}, {'target_node': '407988834_3639388743017139_4769678490735192250_n_face_1.jpg', 'results': [], 'start_time': datetime.datetime(2023, 12, 23, 11, 55, 35, 454640), 'end_time': datetime.datetime(2023, 12, 23, 11, 55, 35, 454640)}, {'target_node': '407997752_3639388409683839_7982321710152362091_n_face_13.jpg', 'results': [], 'start_time': datetime.datetime(2023, 12, 23, 11, 55, 35, 454640), 'end_time': datetime.datetime(2023, 12, 23, 11, 55, 35, 454640)}, {'target_node': '53709967_2044216879211383_7081050961019404288_n_face_1.jpg', 'results': [], 'start_time': datetime.datetime(2023, 12, 23, 11, 55, 35, 454640), 'end_time': datetime.datetime(2023, 12, 23, 11, 55, 35, 454640)}, {'target_node': '57039929_2063518567281214_4897465467196669952_n_face_2.jpg', 'results': [{'photoName': '407988834_3639388743017139_4769678490735192250_n.jpg'}, {'photoName': '57039929_2063518567281214_4897465467196669952_n.jpg'}], 'start_time': datetime.datetime(2023, 12, 23, 11, 55, 35, 454640), 'end_time': datetime.datetime(2023, 12, 23, 11, 55, 35, 454640)}, {'target_node': '71032160_2263794153932339_531970139566899200_n_face_1.jpg', 'results': [{'photoName': '281605609_1834092600113789_7491222588183879240_n.jpg'}, {'photoName': '281731418_1834092586780457_739955116613411023_n.jpg'}, {'photoName': '281832458_1834092620113787_2356840837714835516_n.jpg'}, {'photoName': '365977950_650853723773450_5063078229328757805_n.jpg'}, {'photoName': '399625242_359882613160592_6481206554306262958_n.jpg'}, {'photoName': '407952913_3639388379683842_5678858926668568693_n.jpg'}, {'photoName': '71032160_2263794153932339_531970139566899200_n.jpg'}], 'start_time': datetime.datetime(2023, 12, 23, 11, 55, 35, 454640), 'end_time': datetime.datetime(2023, 12, 23, 11, 55, 35, 454640)}, {'target_node': '93060484_1086635208376112_2783265646782185472_n_face_1.jpg', 'results': [], 'start_time': datetime.datetime(2023, 12, 23, 11, 55, 35, 454640), 'end_time': datetime.datetime(2023, 12, 23, 11, 55, 35, 454640)}, {'target_node': '93060484_1086635208376112_2783265646782185472_n_face_8.jpg', 'results': [], 'start_time': datetime.datetime(2023, 12, 23, 11, 55, 35, 454640), 'end_time': datetime.datetime(2023, 12, 23, 11, 55, 35, 454640)}]",3.088847,HanhNguyen_324512849_5772098636242202_7009827643447157859_n_face_2.jpg,3.088847,0.0
"[{'target_node': '324893899_2132123837176590_3598786593678318630_n_face_0.jpg', 'results': [], 'start_time': datetime.datetime(2023, 12, 23, 11, 55, 35, 454640), 'end_time': datetime.datetime(2023, 12, 23, 11, 55, 35, 454640)}, {'target_node': '326109993_1144490029546535_2343500172480965938_n_face_0.jpg', 'results': [], 'start_time': datetime.datetime(2023, 12, 23, 11, 55, 35, 454640), 'end_time': datetime.datetime(2023, 12, 23, 11, 55, 35, 454640)}, {'target_node': '407137485_3639388269683853_8478288958205543333_n_face_3.jpg', 'results': [], 'start_time': datetime.datetime(2023, 12, 23, 11, 55, 35, 454640), 'end_time': datetime.datetime(2023, 12, 23, 11, 55, 35, 454640)}, {'target_node': '407988834_3639388743017139_4769678490735192250_n_face_1.jpg', 'results': [], 'start_time': datetime.datetime(2023, 12, 23, 11, 55, 35, 454640), 'end_time': datetime.datetime(2023, 12, 23, 11, 55, 35, 454640)}]",2.169164,HanhNguyen_324512849_5772098636242202_7009827643447157859_n_face_3.jpg,2.169164,0.0
"[{'target_node': '406321936_3632991383648430_3196325616899978620_n_face_0.jpg', 'results': [], 'start_time': datetime.datetime(2023, 12, 23, 11, 55, 35, 454640), 'end_time': datetime.datetime(2023, 12, 23, 11, 55, 35, 454640)}, {'target_node': '407088160_3639340409688639_6417481514085222304_n_face_1.jpg', 'results': [], 'start_time': datetime.datetime(2023, 12, 23, 11, 55, 35, 454640), 'end_time': datetime.datetime(2023, 12, 23, 11, 55, 35, 454640)}]",3.035883,Hien_406321936_3632991383648430_3196325616899978620_n(1)_face_0.jpg,3.035883,0.0
"[{'target_node': '305254369_188013333680855_7071234379019511586_n_face_0.jpg', 'results': [], 'start_time': datetime.datetime(2023, 12, 23, 11, 55, 35, 454760), 'end_time': datetime.datetime(2023, 12, 23, 11, 55, 35, 454760)}, {'target_node': '313426940_1442357016287641_4462072966231815312_n_face_5.jpg', 'results': [], 'start_time': datetime.datetime(2023, 12, 23, 11, 55, 35, 454760), 'end_time': datetime.datetime(2023, 12, 23, 11, 55, 35, 454760)}, {'target_node': '358427956_3373370076127671_2302542668434134118_n_face_0.jpg', 'results': [], 'start_time': datetime.datetime(2023, 12, 23, 11, 55, 35, 454760), 'end_time': datetime.datetime(2023, 12, 23, 11, 55, 35, 454760)}, {'target_node': '358540395_3373370219460990_5781596764201152638_n_face_0.jpg', 'results': [], 'start_time': datetime.datetime(2023, 12, 23, 11, 55, 35, 454760), 'end_time': datetime.datetime(2023, 12, 23, 11, 55, 35, 454760)}, {'target_node': '397359603_1103147360668240_139194907936725151_n_face_0.jpg', 'results': [], 'start_time': datetime.datetime(2023, 12, 23, 11, 55, 35, 454760), 'end_time': datetime.datetime(2023, 12, 23, 11, 55, 35, 454760)}, {'target_node': '400447193_894766958667505_7707180124773793803_n_face_2.jpg', 'results': [], 'start_time': datetime.datetime(2023, 12, 23, 11, 55, 35, 454760), 'end_time': datetime.datetime(2023, 12, 23, 11, 55, 35, 454760)}, {'target_node': '406321936_3632991383648430_3196325616899978620_n_face_1.jpg', 'results': [], 'start_time': datetime.datetime(2023, 12, 23, 11, 55, 35, 454760), 'end_time': datetime.datetime(2023, 12, 23, 11, 55, 35, 454760)}, {'target_node': '406340134_3632991450315090_6871779816903040518_n_face_2.jpg', 'results': [], 'start_time': datetime.datetime(2023, 12, 23, 11, 55, 35, 454760), 'end_time': datetime.datetime(2023, 12, 23, 11, 55, 35, 454760)}, {'target_node': '406394509_3632991190315116_5607942920204977204_n_face_0.jpg', 'results': [], 'start_time': datetime.datetime(2023, 12, 23, 11, 55, 35, 454760), 'end_time': datetime.datetime(2023, 12, 23, 11, 55, 35, 454760)}, {'target_node': '406842793_3632991273648441_7440216377130668306_n_face_0.jpg', 'results': [], 'start_time': datetime.datetime(2023, 12, 23, 11, 55, 35, 454760), 'end_time': datetime.datetime(2023, 12, 23, 11, 55, 35, 454760)}, {'target_node': '406845945_3632991410315094_6906797271977777596_n_face_0.jpg', 'results': [], 'start_time': datetime.datetime(2023, 12, 23, 11, 55, 35, 454760), 'end_time': datetime.datetime(2023, 12, 23, 11, 55, 35, 454760)}, {'target_node': '406872895_3632991163648452_3995271318796123687_n_face_2.jpg', 'results': [{'photoName': '406321936_3632991383648430_3196325616899978620_n.jpg'}, {'photoName': '406340134_3632991450315090_6871779816903040518_n.jpg'}, {'photoName': '406394509_3632991190315116_5607942920204977204_n.jpg'}, {'photoName': '406842793_3632991273648441_7440216377130668306_n.jpg'}, {'photoName': '406845945_3632991410315094_6906797271977777596_n.jpg'}, {'photoName': '406872895_3632991163648452_3995271318796123687_n.jpg'}], 'start_time': datetime.datetime(2023, 12, 23, 11, 55, 35, 454760), 'end_time': datetime.datetime(2023, 12, 23, 11, 55, 35, 454760)}, {'target_node': '407095384_3639388423017171_5874860919386442749_n_face_0.jpg', 'results': [], 'start_time': datetime.datetime(2023, 12, 23, 11, 55, 35, 454760), 'end_time': datetime.datetime(2023, 12, 23, 11, 55, 35, 454760)}, {'target_node': '82897128_568456797075264_1359052399779512320_n_face_1.jpg', 'results': [{'photoName': '371118912_661189002739922_5372062712138945873_n.jpg'}, {'photoName': '82897128_568456797075264_1359052399779512320_n.jpg'}], 'start_time': datetime.datetime(2023, 12, 23, 11, 55, 35, 454760), 'end_time': datetime.datetime(2023, 12, 23, 11, 55, 35, 454760)}, {'target_node': 'b2d9c6c8aa52030c5a434_face_0.jpg', 'results': [{'photoName': '313426940_1442357016287641_4462072966231815312_n.jpg'}, {'photoName': '324237820_720287849683421_9174401543287348821_n.jpg'}, {'photoName': '407060887_3639388803017133_7810148229669895938_n.jpg'}, {'photoName': '407150595_3639388639683816_8753333296086342987_n.jpg'}, {'photoName': '407191377_3639388203017193_6514819625365233709_n.jpg'}, {'photoName': '407979820_3639388103017203_8288626986477414512_n.jpg'}, {'photoName': 'b2d9c6c8aa52030c5a434.jpg'}], 'start_time': datetime.datetime(2023, 12, 23, 11, 55, 35, 454760), 'end_time': datetime.datetime(2023, 12, 23, 11, 55, 35, 454760)}]",2.331969,Hien_406321936_3632991383648430_3196325616899978620_n(1)_face_1.jpg,2.331969,0.0
[],2.710173,Hòa_277172014_2789142114714484_8396578469223014867_n_face_0.jpg,2.710173,0.0
"[{'target_node': '305254369_188013333680855_7071234379019511586_n_face_0.jpg', 'results': [], 'start_time': datetime.datetime(2023, 12, 23, 11, 55, 35, 454760), 'end_time': datetime.datetime(2023, 12, 23, 11, 55, 35, 454760)}, {'target_node': '406842793_3632991273648441_7440216377130668306_n_face_0.jpg', 'results': [], 'start_time': datetime.datetime(2023, 12, 23, 11, 55, 35, 454760), 'end_time': datetime.datetime(2023, 12, 23, 11, 55, 35, 454760)}, {'target_node': '407979820_3639388103017203_8288626986477414512_n_face_5.jpg', 'results': [{'photoName': '407979820_3639388103017203_8288626986477414512_n.jpg'}], 'start_time': datetime.datetime(2023, 12, 23, 11, 55, 35, 454760), 'end_time': datetime.datetime(2023, 12, 23, 11, 55, 35, 454760)}, {'target_node': '51505979_2363814310516135_255827935984877568_n_face_2.jpg', 'results': [], 'start_time': datetime.datetime(2023, 12, 23, 11, 55, 35, 454760), 'end_time': datetime.datetime(2023, 12, 23, 11, 55, 35, 454760)}, {'target_node': '67316147_1661896823942230_8548814961655152640_n_face_2.jpg', 'results': [{'photoName': '407113452_3639388386350508_2451942552845854960_n.jpg'}, {'photoName': '407134685_3639388296350517_2115795026295978459_n.jpg'}, {'photoName': '67316147_1661896823942230_8548814961655152640_n.jpg'}], 'start_time': datetime.datetime(2023, 12, 23, 11, 55, 35, 454760), 'end_time': datetime.datetime(2023, 12, 23, 11, 55, 35, 454760)}, {'target_node': '73319313_739653196504262_6720202063805939712_n_face_0.jpg', 'results': [{'photoName': '131115545_993292934527387_7458509653919543301_n.jpg'}, {'photoName': '277002428_1265755360617417_771926076925265040_n.jpg'}, {'photoName': '307015389_1389762558216696_4152560360565145067_n.jpg'}, {'photoName': '313426940_1442357016287641_4462072966231815312_n.jpg'}, {'photoName': '324893899_2132123837176590_3598786593678318630_n.jpg'}, {'photoName': '326109993_1144490029546535_2343500172480965938_n.jpg'}, {'photoName': '347788541_938048560578635_7398858451862090751_n.jpg'}, {'photoName': '358540395_3373370219460990_5781596764201152638_n.jpg'}, {'photoName': '401050084_1674920153031325_8191451277421535648_n.jpg'}, {'photoName': '402861825_897199621757572_7242099948154588469_n.jpg'}, {'photoName': '407095384_3639388423017171_5874860919386442749_n.jpg'}, {'photoName': '407101417_3639388936350453_6894642927597124613_n.jpg'}, {'photoName': '407141615_3639387889683891_7697099033717682841_n.jpg'}, {'photoName': '408680322_3639388866350460_7622454068483166104_n.jpg'}, {'photoName': '51505979_2363814310516135_255827935984877568_n.jpg'}, {'photoName': '73319313_739653196504262_6720202063805939712_n.jpg'}], 'start_time': datetime.datetime(2023, 12, 23, 11, 55, 35, 454760), 'end_time': datetime.datetime(2023, 12, 23, 11, 55, 35, 454760)}]",2.38648,Khanh Vi_60254981_1191994787634339_1709405406238867456_n_face_0.jpg,2.38648,0.0
"[{'target_node': '313426940_1442357016287641_4462072966231815312_n_face_5.jpg', 'results': [], 'start_time': datetime.datetime(2023, 12, 23, 11, 55, 35, 454760), 'end_time': datetime.datetime(2023, 12, 23, 11, 55, 35, 454760)}, {'target_node': '407988834_3639388743017139_4769678490735192250_n_face_2.jpg', 'results': [{'photoName': '407988834_3639388743017139_4769678490735192250_n.jpg'}], 'start_time': datetime.datetime(2023, 12, 23, 11, 55, 35, 454760), 'end_time': datetime.datetime(2023, 12, 23, 11, 55, 35, 454760)}, {'target_node': '82897128_568456797075264_1359052399779512320_n_face_1.jpg', 'results': [{'photoName': '371118912_661189002739922_5372062712138945873_n.jpg'}, {'photoName': '82897128_568456797075264_1359052399779512320_n.jpg'}], 'start_time': datetime.datetime(2023, 12, 23, 11, 55, 35, 454760), 'end_time': datetime.datetime(2023, 12, 23, 11, 55, 35, 454760)}]",2.784709,Khanh Vi_60254981_1191994787634339_1709405406238867456_n_face_1.jpg,2.784709,0.0
[],2.504243,Khanh Vi_60254981_1191994787634339_1709405406238867456_n_face_2.jpg,2.504243,0.0
"[{'target_node': '71032160_2263794153932339_531970139566899200_n_face_1.jpg', 'results': [{'photoName': '281605609_1834092600113789_7491222588183879240_n.jpg'}, {'photoName': '281731418_1834092586780457_739955116613411023_n.jpg'}, {'photoName': '281832458_1834092620113787_2356840837714835516_n.jpg'}, {'photoName': '365977950_650853723773450_5063078229328757805_n.jpg'}, {'photoName': '399625242_359882613160592_6481206554306262958_n.jpg'}, {'photoName': '407952913_3639388379683842_5678858926668568693_n.jpg'}, {'photoName': '71032160_2263794153932339_531970139566899200_n.jpg'}], 'start_time': datetime.datetime(2023, 12, 23, 11, 55, 35, 454760), 'end_time': datetime.datetime(2023, 12, 23, 11, 55, 35, 454760)}, {'target_node': '71376990_2269228913388863_8740995824525246464_n_face_0.jpg', 'results': [], 'start_time': datetime.datetime(2023, 12, 23, 11, 55, 35, 454760), 'end_time': datetime.datetime(2023, 12, 23, 11, 55, 35, 454760)}, {'target_node': '71657527_2269229010055520_3480768975602712576_n_face_0.jpg', 'results': [{'photoName': '65106993_2196791300632625_1742657159008616448_n.jpg'}, {'photoName': '71376990_2269228913388863_8740995824525246464_n.jpg'}, {'photoName': '71657527_2269229010055520_3480768975602712576_n.jpg'}], 'start_time': datetime.datetime(2023, 12, 23, 11, 55, 35, 454760), 'end_time': datetime.datetime(2023, 12, 23, 11, 55, 35, 454760)}]",2.263931,Khanh Vi_60254981_1191994787634339_1709405406238867456_n_face_3.jpg,2.263931,0.0
"[{'target_node': '406531097_2583596948463627_1811222519080187475_n_face_2.jpg', 'results': [{'photoName': '406531097_2583596948463627_1811222519080187475_n.jpg'}], 'start_time': datetime.datetime(2023, 12, 23, 11, 55, 35, 454760), 'end_time': datetime.datetime(2023, 12, 23, 11, 55, 35, 454760)}, {'target_node': '407191377_3639388203017193_6514819625365233709_n_face_3.jpg', 'results': [], 'start_time': datetime.datetime(2023, 12, 23, 11, 55, 35, 454760), 'end_time': datetime.datetime(2023, 12, 23, 11, 55, 35, 454760)}, {'target_node': '73319313_739653196504262_6720202063805939712_n_face_0.jpg', 'results': [{'photoName': '131115545_993292934527387_7458509653919543301_n.jpg'}, {'photoName': '277002428_1265755360617417_771926076925265040_n.jpg'}, {'photoName': '307015389_1389762558216696_4152560360565145067_n.jpg'}, {'photoName': '313426940_1442357016287641_4462072966231815312_n.jpg'}, {'photoName': '324893899_2132123837176590_3598786593678318630_n.jpg'}, {'photoName': '326109993_1144490029546535_2343500172480965938_n.jpg'}, {'photoName': '347788541_938048560578635_7398858451862090751_n.jpg'}, {'photoName': '358540395_3373370219460990_5781596764201152638_n.jpg'}, {'photoName': '401050084_1674920153031325_8191451277421535648_n.jpg'}, {'photoName': '402861825_897199621757572_7242099948154588469_n.jpg'}, {'photoName': '407095384_3639388423017171_5874860919386442749_n.jpg'}, {'photoName': '407101417_3639388936350453_6894642927597124613_n.jpg'}, {'photoName': '407141615_3639387889683891_7697099033717682841_n.jpg'}, {'photoName': '408680322_3639388866350460_7622454068483166104_n.jpg'}, {'photoName': '51505979_2363814310516135_255827935984877568_n.jpg'}, {'photoName': '73319313_739653196504262_6720202063805939712_n.jpg'}], 'start_time': datetime.datetime(2023, 12, 23, 11, 55, 35, 454760), 'end_time': datetime.datetime(2023, 12, 23, 11, 55, 35, 454760)}]",2.538941,Khanh Vi_60254981_1191994787634339_1709405406238867456_n_face_5.jpg,2.538941,0.0
"[{'target_node': '407141615_3639387889683891_7697099033717682841_n_face_3.jpg', 'results': [], 'start_time': datetime.datetime(2023, 12, 23, 11, 55, 35, 454760), 'end_time': datetime.datetime(2023, 12, 23, 11, 55, 35, 454760)}, {'target_node': '407270647_2675561985925209_3278101844882565532_n_face_1.jpg', 'results': [{'photoName': '407270647_2675561985925209_3278101844882565532_n.jpg'}], 'start_time': datetime.datetime(2023, 12, 23, 11, 55, 35, 454760), 'end_time': datetime.datetime(2023, 12, 23, 11, 55, 35, 454760)}]",2.35492,Khanh_407246309_2675561912591883_1829853245047749976_n_face_0.jpg,2.35492,0.0
"[{'target_node': '405198042_2675560822591992_3660307448729693095_n_face_0.jpg', 'results': [], 'start_time': datetime.datetime(2023, 12, 23, 11, 55, 35, 454760), 'end_time': datetime.datetime(2023, 12, 23, 11, 55, 35, 454760)}, {'target_node': '405384498_2675560262592048_8730841271935407495_n_face_0.jpg', 'results': [{'photoName': '405198042_2675560822591992_3660307448729693095_n.jpg'}, {'photoName': '405384498_2675560262592048_8730841271935407495_n.jpg'}], 'start_time': datetime.datetime(2023, 12, 23, 11, 55, 35, 454760), 'end_time': datetime.datetime(2023, 12, 23, 11, 55, 35, 454760)}]",2.486423,Khanh_407246309_2675561912591883_1829853245047749976_n_face_1.jpg,2.486423,0.0
"[{'target_node': '128425877_1447808202075566_3397941254130098398_n_face_0.jpg', 'results': [], 'start_time': datetime.datetime(2023, 12, 23, 11, 55, 35, 454760), 'end_time': datetime.datetime(2023, 12, 23, 11, 55, 35, 454760)}, {'target_node': '281605609_1834092600113789_7491222588183879240_n_face_0.jpg', 'results': [], 'start_time': datetime.datetime(2023, 12, 23, 11, 55, 35, 454760), 'end_time': datetime.datetime(2023, 12, 23, 11, 55, 35, 454760)}, {'target_node': '281731418_1834092586780457_739955116613411023_n_face_0.jpg', 'results': [], 'start_time': datetime.datetime(2023, 12, 23, 11, 55, 35, 454760), 'end_time': datetime.datetime(2023, 12, 23, 11, 55, 35, 454760)}, {'target_node': '281736267_1834092493447133_1234979614122864447_n_face_0.jpg', 'results': [], 'start_time': datetime.datetime(2023, 12, 23, 11, 55, 35, 454760), 'end_time': datetime.datetime(2023, 12, 23, 11, 55, 35, 454760)}, {'target_node': '281832458_1834092620113787_2356840837714835516_n_face_0.jpg', 'results': [], 'start_time': datetime.datetime(2023, 12, 23, 11, 55, 35, 454760), 'end_time': datetime.datetime(2023, 12, 23, 11, 55, 35, 454760)}, {'target_node': '324237820_720287849683421_9174401543287348821_n_face_0.jpg', 'results': [{'photoName': '128425877_1447808202075566_3397941254130098398_n.jpg'}, {'photoName': '281736267_1834092493447133_1234979614122864447_n.jpg'}, {'photoName': '324237820_720287849683421_9174401543287348821_n.jpg'}], 'start_time': datetime.datetime(2023, 12, 23, 11, 55, 35, 454760), 'end_time': datetime.datetime(2023, 12, 23, 11, 55, 35, 454760)}]",2.550613,KieuTrang_127276634_1447808248742228_4286531288596039692_n_face_0.jpg,2.550613,0.0
"[{'target_node': '351161878_101980566257546_7568199001054125114_n_face_0.jpg', 'results': [], 'start_time': datetime.datetime(2023, 12, 23, 11, 55, 35, 454760), 'end_time': datetime.datetime(2023, 12, 23, 11, 55, 35, 454760)}]",2.300962,Lan Tuyen_351170089_957274415394598_2116335671867879699_n_face_0.jpg,2.300962,0.0
"[{'target_node': '320617177_1125905731621328_6916699168318632436_n_face_0.jpg', 'results': [], 'start_time': datetime.datetime(2023, 12, 23, 11, 55, 35, 454760), 'end_time': datetime.datetime(2023, 12, 23, 11, 55, 35, 454760)}, {'target_node': '327150460_920942009061109_2545427845042634033_n_face_0.jpg', 'results': [], 'start_time': datetime.datetime(2023, 12, 23, 11, 55, 35, 454760), 'end_time': datetime.datetime(2023, 12, 23, 11, 55, 35, 454760)}, {'target_node': '329536698_1626479147803386_7649173886208228744_n_face_0.jpg', 'results': [], 'start_time': datetime.datetime(2023, 12, 23, 11, 55, 35, 454760), 'end_time': datetime.datetime(2023, 12, 23, 11, 55, 35, 454760)}, {'target_node': '334558358_6100698486639719_7944679460416439760_n_face_0.jpg', 'results': [{'photoName': '279131050_1675092139514295_5296674934654454319_n.jpg'}, {'photoName': '279444637_1677986509224858_2211027074228101930_n.jpg'}, {'photoName': '284709709_1701621100194732_1907421034684288765_n.jpg'}, {'photoName': '305254369_188013333680855_7071234379019511586_n.jpg'}, {'photoName': '334558358_6100698486639719_7944679460416439760_n.jpg'}], 'start_time': datetime.datetime(2023, 12, 23, 11, 55, 35, 454760), 'end_time': datetime.datetime(2023, 12, 23, 11, 55, 35, 454760)}, {'target_node': '348462346_1599975467080314_8069228128132654420_n_face_0.jpg', 'results': [], 'start_time': datetime.datetime(2023, 12, 23, 11, 55, 35, 454760), 'end_time': datetime.datetime(2023, 12, 23, 11, 55, 35, 454760)}, {'target_node': '365149583_1038033590693444_7756871426314175667_n_face_0.jpg', 'results': [], 'start_time': datetime.datetime(2023, 12, 23, 11, 55, 35, 454760), 'end_time': datetime.datetime(2023, 12, 23, 11, 55, 35, 454760)}, {'target_node': '375875986_668588485333307_2924394594114806286_n_face_0.jpg', 'results': [], 'start_time': datetime.datetime(2023, 12, 23, 11, 55, 35, 454760), 'end_time': datetime.datetime(2023, 12, 23, 11, 55, 35, 454760)}, {'target_node': '375969158_668588488666640_3633354783934666737_n_face_0.jpg', 'results': [], 'start_time': datetime.datetime(2023, 12, 23, 11, 55, 35, 454760), 'end_time': datetime.datetime(2023, 12, 23, 11, 55, 35, 454760)}, {'target_node': '399625242_359882613160592_6481206554306262958_n_face_0.jpg', 'results': [], 'start_time': datetime.datetime(2023, 12, 23, 11, 55, 35, 454760), 'end_time': datetime.datetime(2023, 12, 23, 11, 55, 35, 454760)}, {'target_node': '400447193_894766958667505_7707180124773793803_n_face_2.jpg', 'results': [], 'start_time': datetime.datetime(2023, 12, 23, 11, 55, 35, 454760), 'end_time': datetime.datetime(2023, 12, 23, 11, 55, 35, 454760)}, {'target_node': '405837320_1097407531422716_6785014553373648804_n_face_0.jpg', 'results': [], 'start_time': datetime.datetime(2023, 12, 23, 11, 55, 35, 454760), 'end_time': datetime.datetime(2023, 12, 23, 11, 55, 35, 454760)}, {'target_node': '407134685_3639388296350517_2115795026295978459_n_face_6.jpg', 'results': [{'photoName': '407134685_3639388296350517_2115795026295978459_n.jpg'}], 'start_time': datetime.datetime(2023, 12, 23, 11, 55, 35, 454760), 'end_time': datetime.datetime(2023, 12, 23, 11, 55, 35, 454760)}, {'target_node': '407975928_3639388909683789_7564341881937515387_n_face_1.jpg', 'results': [], 'start_time': datetime.datetime(2023, 12, 23, 11, 55, 35, 454760), 'end_time': datetime.datetime(2023, 12, 23, 11, 55, 35, 454760)}, {'target_node': '71032160_2263794153932339_531970139566899200_n_face_1.jpg', 'results': [{'photoName': '281605609_1834092600113789_7491222588183879240_n.jpg'}, {'photoName': '281731418_1834092586780457_739955116613411023_n.jpg'}, {'photoName': '281832458_1834092620113787_2356840837714835516_n.jpg'}, {'photoName': '365977950_650853723773450_5063078229328757805_n.jpg'}, {'photoName': '399625242_359882613160592_6481206554306262958_n.jpg'}, {'photoName': '407952913_3639388379683842_5678858926668568693_n.jpg'}, {'photoName': '71032160_2263794153932339_531970139566899200_n.jpg'}], 'start_time': datetime.datetime(2023, 12, 23, 11, 55, 35, 454760), 'end_time': datetime.datetime(2023, 12, 23, 11, 55, 35, 454760)}, {'target_node': '71032160_2263794153932339_531970139566899200_n_face_2.jpg', 'results': [{'photoName': '393202229_3639388946350452_2159517976795799739_n.jpg'}, {'photoName': '401500999_894766982000836_5268510215879889353_n.jpg'}, {'photoName': '407101417_3639388936350453_6894642927597124613_n.jpg'}, {'photoName': '71032160_2263794153932339_531970139566899200_n.jpg'}], 'start_time': datetime.datetime(2023, 12, 23, 11, 55, 35, 454760), 'end_time': datetime.datetime(2023, 12, 23, 11, 55, 35, 454760)}]",2.67119,Linh Linh_365397489_1038033550693448_1612773141986841906_n_face_0.jpg,2.67119,0.0
"[{'target_node': '279444637_1677986509224858_2211027074228101930_n_face_1.jpg', 'results': [], 'start_time': datetime.datetime(2023, 12, 23, 11, 55, 35, 454760), 'end_time': datetime.datetime(2023, 12, 23, 11, 55, 35, 454760)}, {'target_node': '305254369_188013333680855_7071234379019511586_n_face_0.jpg', 'results': [], 'start_time': datetime.datetime(2023, 12, 23, 11, 55, 35, 454760), 'end_time': datetime.datetime(2023, 12, 23, 11, 55, 35, 454760)}, {'target_node': '387023398_1088511465465163_6954302514632019357_n_face_0.jpg', 'results': [], 'start_time': datetime.datetime(2023, 12, 23, 11, 55, 35, 454760), 'end_time': datetime.datetime(2023, 12, 23, 11, 55, 35, 454760)}, {'target_node': '396954847_1103147357334907_3838871327993416858_n_face_0.jpg', 'results': [{'photoName': '387023398_1088511465465163_6954302514632019357_n.jpg'}, {'photoName': '396954847_1103147357334907_3838871327993416858_n.jpg'}], 'start_time': datetime.datetime(2023, 12, 23, 11, 55, 35, 454760), 'end_time': datetime.datetime(2023, 12, 23, 11, 55, 35, 454760)}, {'target_node': '397359603_1103147360668240_139194907936725151_n_face_0.jpg', 'results': [], 'start_time': datetime.datetime(2023, 12, 23, 11, 55, 35, 454760), 'end_time': datetime.datetime(2023, 12, 23, 11, 55, 35, 454760)}]",2.134848,LinhHuynh_386163424_1088511472131829_1438800450424681560_n_face_0.jpg,2.134848,0.0
"[{'target_node': '405870193_2583597021796953_1463448349966174221_n_face_0.jpg', 'results': [], 'start_time': datetime.datetime(2023, 12, 23, 11, 55, 35, 454760), 'end_time': datetime.datetime(2023, 12, 23, 11, 55, 35, 454760)}, {'target_node': '406287674_1840153863107953_3457852324892802813_n_face_1.jpg', 'results': [], 'start_time': datetime.datetime(2023, 12, 23, 11, 55, 35, 454760), 'end_time': datetime.datetime(2023, 12, 23, 11, 55, 35, 454760)}, {'target_node': '406311588_1840153953107944_3024508236928553555_n_face_1.jpg', 'results': [], 'start_time': datetime.datetime(2023, 12, 23, 11, 55, 35, 454760), 'end_time': datetime.datetime(2023, 12, 23, 11, 55, 35, 454760)}, {'target_node': '406319934_1840153969774609_8783853427415407389_n_face_1.jpg', 'results': [], 'start_time': datetime.datetime(2023, 12, 23, 11, 55, 35, 454760), 'end_time': datetime.datetime(2023, 12, 23, 11, 55, 35, 454760)}, {'target_node': '406531097_2583596948463627_1811222519080187475_n_face_1.jpg', 'results': [], 'start_time': datetime.datetime(2023, 12, 23, 11, 55, 35, 454760), 'end_time': datetime.datetime(2023, 12, 23, 11, 55, 35, 454760)}, {'target_node': '60790112_684490698674281_7230727990009659392_n_face_0.jpg', 'results': [], 'start_time': datetime.datetime(2023, 12, 23, 11, 55, 35, 454760), 'end_time': datetime.datetime(2023, 12, 23, 11, 55, 35, 454760)}, {'target_node': '66389077_2396343150690083_2918380632105025536_n_face_0.jpg', 'results': [{'photoName': '405870193_2583597021796953_1463448349966174221_n.jpg'}, {'photoName': '406287674_1840153863107953_3457852324892802813_n.jpg'}, {'photoName': '406298927_1840153853107954_4874883648977025403_n.jpg'}, {'photoName': '406311588_1840153953107944_3024508236928553555_n.jpg'}, {'photoName': '406319934_1840153969774609_8783853427415407389_n.jpg'}, {'photoName': '406531097_2583596948463627_1811222519080187475_n.jpg'}, {'photoName': '60790112_684490698674281_7230727990009659392_n.jpg'}, {'photoName': '66389077_2396343150690083_2918380632105025536_n.jpg'}], 'start_time': datetime.datetime(2023, 12, 23, 11, 55, 35, 454760), 'end_time': datetime.datetime(2023, 12, 23, 11, 55, 35, 454760)}]",2.686981,LinhX_18194571_289643651492323_1783506115667231141_n_face_0.jpg,2.686981,0.0
"[{'target_node': '407088160_3639340409688639_6417481514085222304_n_face_1.jpg', 'results': [], 'start_time': datetime.datetime(2023, 12, 23, 11, 55, 35, 454760), 'end_time': datetime.datetime(2023, 12, 23, 11, 55, 35, 454760)}]",2.435941,MInhAnh_320371932_1259156497965685_4401318749230264919_n_face_0.jpg,2.435941,0.0
"[{'target_node': '350806795_265899709225117_28824423580044614_n_face_1.jpg', 'results': [], 'start_time': datetime.datetime(2023, 12, 23, 11, 55, 35, 454760), 'end_time': datetime.datetime(2023, 12, 23, 11, 55, 35, 454760)}, {'target_node': '393162251_3639389036350443_657951547442919070_n_face_0.jpg', 'results': [], 'start_time': datetime.datetime(2023, 12, 23, 11, 55, 35, 454760), 'end_time': datetime.datetime(2023, 12, 23, 11, 55, 35, 454760)}, {'target_node': '393202229_3639388946350452_2159517976795799739_n_face_2.jpg', 'results': [], 'start_time': datetime.datetime(2023, 12, 23, 11, 55, 35, 454760), 'end_time': datetime.datetime(2023, 12, 23, 11, 55, 35, 454760)}, {'target_node': '406986092_3639339603022053_8470365874800360904_n_face_0.jpg', 'results': [], 'start_time': datetime.datetime(2023, 12, 23, 11, 55, 35, 454760), 'end_time': datetime.datetime(2023, 12, 23, 11, 55, 35, 454760)}, {'target_node': '407017378_3639340466355300_541237104248042331_n_face_0.jpg', 'results': [], 'start_time': datetime.datetime(2023, 12, 23, 11, 55, 35, 454760), 'end_time': datetime.datetime(2023, 12, 23, 11, 55, 35, 454760)}, {'target_node': '407052333_3639388709683809_7808423582394047363_n_face_0.jpg', 'results': [], 'start_time': datetime.datetime(2023, 12, 23, 11, 55, 35, 454760), 'end_time': datetime.datetime(2023, 12, 23, 11, 55, 35, 454760)}, {'target_node': '407052338_3639388333017180_8030983877950313470_n_face_0.jpg', 'results': [], 'start_time': datetime.datetime(2023, 12, 23, 11, 55, 35, 454760), 'end_time': datetime.datetime(2023, 12, 23, 11, 55, 35, 454760)}, {'target_node': '407060887_3639388803017133_7810148229669895938_n_face_0.jpg', 'results': [], 'start_time': datetime.datetime(2023, 12, 23, 11, 55, 35, 454760), 'end_time': datetime.datetime(2023, 12, 23, 11, 55, 35, 454760)}, {'target_node': '407073836_3639388893017124_6596114412328512585_n_face_1.jpg', 'results': [], 'start_time': datetime.datetime(2023, 12, 23, 11, 55, 35, 454760), 'end_time': datetime.datetime(2023, 12, 23, 11, 55, 35, 454760)}, {'target_node': '407088160_3639340409688639_6417481514085222304_n_face_0.jpg', 'results': [], 'start_time': datetime.datetime(2023, 12, 23, 11, 55, 35, 454760), 'end_time': datetime.datetime(2023, 12, 23, 11, 55, 35, 454760)}, {'target_node': '407095384_3639388423017171_5874860919386442749_n_face_1.jpg', 'results': [], 'start_time': datetime.datetime(2023, 12, 23, 11, 55, 35, 454760), 'end_time': datetime.datetime(2023, 12, 23, 11, 55, 35, 454760)}, {'target_node': '407096013_3639340496355297_7409886457643957709_n_face_1.jpg', 'results': [], 'start_time': datetime.datetime(2023, 12, 23, 11, 55, 35, 454760), 'end_time': datetime.datetime(2023, 12, 23, 11, 55, 35, 454760)}, {'target_node': '407101417_3639388936350453_6894642927597124613_n_face_1.jpg', 'results': [], 'start_time': datetime.datetime(2023, 12, 23, 11, 55, 35, 454760), 'end_time': datetime.datetime(2023, 12, 23, 11, 55, 35, 454760)}, {'target_node': '407104376_3639388653017148_8495028654946615563_n_face_0.jpg', 'results': [], 'start_time': datetime.datetime(2023, 12, 23, 11, 55, 35, 454760), 'end_time': datetime.datetime(2023, 12, 23, 11, 55, 35, 454760)}, {'target_node': '407107892_3639339543022059_7004554839365330749_n_face_0.jpg', 'results': [], 'start_time': datetime.datetime(2023, 12, 23, 11, 55, 35, 454760), 'end_time': datetime.datetime(2023, 12, 23, 11, 55, 35, 454760)}, {'target_node': '407110834_3639340523021961_4785151281083462228_n_face_0.jpg', 'results': [], 'start_time': datetime.datetime(2023, 12, 23, 11, 55, 35, 454760), 'end_time': datetime.datetime(2023, 12, 23, 11, 55, 35, 454760)}, {'target_node': '407113452_3639388386350508_2451942552845854960_n_face_0.jpg', 'results': [], 'start_time': datetime.datetime(2023, 12, 23, 11, 55, 35, 454760), 'end_time': datetime.datetime(2023, 12, 23, 11, 55, 35, 454760)}, {'target_node': '407117607_3639387983017215_6197796052702476250_n_face_1.jpg', 'results': [], 'start_time': datetime.datetime(2023, 12, 23, 11, 55, 35, 454760), 'end_time': datetime.datetime(2023, 12, 23, 11, 55, 35, 454760)}, {'target_node': '407120235_3639388846350462_7602680520075635844_n_face_0.jpg', 'results': [], 'start_time': datetime.datetime(2023, 12, 23, 11, 55, 35, 454760), 'end_time': datetime.datetime(2023, 12, 23, 11, 55, 35, 454760)}, {'target_node': '407125298_3639388773017136_6642265627373628328_n_face_0.jpg', 'results': [], 'start_time': datetime.datetime(2023, 12, 23, 11, 55, 35, 454760), 'end_time': datetime.datetime(2023, 12, 23, 11, 55, 35, 454760)}, {'target_node': '407134685_3639388296350517_2115795026295978459_n_face_1.jpg', 'results': [], 'start_time': datetime.datetime(2023, 12, 23, 11, 55, 35, 454760), 'end_time': datetime.datetime(2023, 12, 23, 11, 55, 35, 454760)}, {'target_node': '407137485_3639388269683853_8478288958205543333_n_face_0.jpg', 'results': [], 'start_time': datetime.datetime(2023, 12, 23, 11, 55, 35, 454760), 'end_time': datetime.datetime(2023, 12, 23, 11, 55, 35, 454760)}, {'target_node': '407137485_3639388269683853_8478288958205543333_n_face_4.jpg', 'results': [{'photoName': '400447193_894766958667505_7707180124773793803_n.jpg'}, {'photoName': '407088160_3639340409688639_6417481514085222304_n.jpg'}, {'photoName': '407137485_3639388269683853_8478288958205543333_n.jpg'}], 'start_time': datetime.datetime(2023, 12, 23, 11, 55, 35, 454760), 'end_time': datetime.datetime(2023, 12, 23, 11, 55, 35, 454760)}, {'target_node': '407141615_3639387889683891_7697099033717682841_n_face_0.jpg', 'results': [], 'start_time': datetime.datetime(2023, 12, 23, 11, 55, 35, 454760), 'end_time': datetime.datetime(2023, 12, 23, 11, 55, 35, 454760)}, {'target_node': '407141615_3639387889683891_7697099033717682841_n_face_2.jpg', 'results': [], 'start_time': datetime.datetime(2023, 12, 23, 11, 55, 35, 454760), 'end_time': datetime.datetime(2023, 12, 23, 11, 55, 35, 454760)}, {'target_node': '407147462_3639387369683943_469576176198386296_n_face_0.jpg', 'results': [{'photoName': '407071676_3639339086355438_5446026138693739311_n.jpg'}, {'photoName': '407101417_3639388936350453_6894642927597124613_n.jpg'}, {'photoName': '407104376_3639388653017148_8495028654946615563_n.jpg'}, {'photoName': '407107892_3639339543022059_7004554839365330749_n.jpg'}, {'photoName': '407147462_3639387369683943_469576176198386296_n.jpg'}], 'start_time': datetime.datetime(2023, 12, 23, 11, 55, 35, 454760), 'end_time': datetime.datetime(2023, 12, 23, 11, 55, 35, 454760)}, {'target_node': '407150595_3639388639683816_8753333296086342987_n_face_2.jpg', 'results': [], 'start_time': datetime.datetime(2023, 12, 23, 11, 55, 35, 454760), 'end_time': datetime.datetime(2023, 12, 23, 11, 55, 35, 454760)}, {'target_node': '407150623_3639388819683798_4556256255742665719_n_face_0.jpg', 'results': [], 'start_time': datetime.datetime(2023, 12, 23, 11, 55, 35, 454760), 'end_time': datetime.datetime(2023, 12, 23, 11, 55, 35, 454760)}, {'target_node': '407191377_3639388203017193_6514819625365233709_n_face_0.jpg', 'results': [], 'start_time': datetime.datetime(2023, 12, 23, 11, 55, 35, 454760), 'end_time': datetime.datetime(2023, 12, 23, 11, 55, 35, 454760)}, {'target_node': '407943816_3639388679683812_5819321639564353793_n_face_2.jpg', 'results': [], 'start_time': datetime.datetime(2023, 12, 23, 11, 55, 35, 454760), 'end_time': datetime.datetime(2023, 12, 23, 11, 55, 35, 454760)}, {'target_node': '407948896_3639388526350494_5013005860768705386_n_face_0.jpg', 'results': [{'photoName': '350280454_1458608348210687_4667852786410583122_n.jpg'}, {'photoName': '407948896_3639388526350494_5013005860768705386_n.jpg'}], 'start_time': datetime.datetime(2023, 12, 23, 11, 55, 35, 454760), 'end_time': datetime.datetime(2023, 12, 23, 11, 55, 35, 454760)}, {'target_node': '407952913_3639388379683842_5678858926668568693_n_face_1.jpg', 'results': [], 'start_time': datetime.datetime(2023, 12, 23, 11, 55, 35, 454760), 'end_time': datetime.datetime(2023, 12, 23, 11, 55, 35, 454760)}, {'target_node': '407967489_3639389066350440_7932353568556157559_n_face_0.jpg', 'results': [], 'start_time': datetime.datetime(2023, 12, 23, 11, 55, 35, 454760), 'end_time': datetime.datetime(2023, 12, 23, 11, 55, 35, 454760)}, {'target_node': '407969773_3639388136350533_603195368539000496_n_face_0.jpg', 'results': [], 'start_time': datetime.datetime(2023, 12, 23, 11, 55, 35, 454760), 'end_time': datetime.datetime(2023, 12, 23, 11, 55, 35, 454760)}, {'target_node': '407975928_3639388909683789_7564341881937515387_n_face_0.jpg', 'results': [], 'start_time': datetime.datetime(2023, 12, 23, 11, 55, 35, 454760), 'end_time': datetime.datetime(2023, 12, 23, 11, 55, 35, 454760)}, {'target_node': '407979820_3639388103017203_8288626986477414512_n_face_1.jpg', 'results': [], 'start_time': datetime.datetime(2023, 12, 23, 11, 55, 35, 454760), 'end_time': datetime.datetime(2023, 12, 23, 11, 55, 35, 454760)}, {'target_node': '407988822_3639388976350449_2820925499294659958_n_face_0.jpg', 'results': [], 'start_time': datetime.datetime(2023, 12, 23, 11, 55, 35, 454760), 'end_time': datetime.datetime(2023, 12, 23, 11, 55, 35, 454760)}, {'target_node': '407988834_3639388743017139_4769678490735192250_n_face_0.jpg', 'results': [{'photoName': '406872895_3632991163648452_3995271318796123687_n.jpg'}, {'photoName': '407988834_3639388743017139_4769678490735192250_n.jpg'}], 'start_time': datetime.datetime(2023, 12, 23, 11, 55, 35, 454760), 'end_time': datetime.datetime(2023, 12, 23, 11, 55, 35, 454760)}, {'target_node': '407997752_3639388409683839_7982321710152362091_n_face_14.jpg', 'results': [], 'start_time': datetime.datetime(2023, 12, 23, 11, 55, 35, 454760), 'end_time': datetime.datetime(2023, 12, 23, 11, 55, 35, 454760)}, {'target_node': '408010385_3639388763017137_3397719453813666491_n_face_0.jpg', 'results': [{'photoName': '408010385_3639388763017137_3397719453813666491_n.jpg'}], 'start_time': datetime.datetime(2023, 12, 23, 11, 55, 35, 454760), 'end_time': datetime.datetime(2023, 12, 23, 11, 55, 35, 454760)}, {'target_node': '408012109_3639387319683948_980876372983457922_n_face_0.jpg', 'results': [], 'start_time': datetime.datetime(2023, 12, 23, 11, 55, 35, 454760), 'end_time': datetime.datetime(2023, 12, 23, 11, 55, 35, 454760)}, {'target_node': '408031393_3639388263017187_7116112222398453272_n_face_2.jpg', 'results': [], 'start_time': datetime.datetime(2023, 12, 23, 11, 55, 35, 454760), 'end_time': datetime.datetime(2023, 12, 23, 11, 55, 35, 454760)}, {'target_node': '408033967_3639388726350474_8466808737775160796_n_face_0.jpg', 'results': [], 'start_time': datetime.datetime(2023, 12, 23, 11, 55, 35, 454760), 'end_time': datetime.datetime(2023, 12, 23, 11, 55, 35, 454760)}, {'target_node': '408680322_3639388866350460_7622454068483166104_n_face_0.jpg', 'results': [{'photoName': '350806795_265899709225117_28824423580044614_n.jpg'}, {'photoName': '393162251_3639389036350443_657951547442919070_n.jpg'}, {'photoName': '393202229_3639388946350452_2159517976795799739_n.jpg'}, {'photoName': '406986092_3639339603022053_8470365874800360904_n.jpg'}, {'photoName': '407017378_3639340466355300_541237104248042331_n.jpg'}, {'photoName': '407052333_3639388709683809_7808423582394047363_n.jpg'}, {'photoName': '407052338_3639388333017180_8030983877950313470_n.jpg'}, {'photoName': '407073836_3639388893017124_6596114412328512585_n.jpg'}, {'photoName': '407095384_3639388423017171_5874860919386442749_n.jpg'}, {'photoName': '407096013_3639340496355297_7409886457643957709_n.jpg'}, {'photoName': '407110834_3639340523021961_4785151281083462228_n.jpg'}, {'photoName': '407113452_3639388386350508_2451942552845854960_n.jpg'}, {'photoName': '407117607_3639387983017215_6197796052702476250_n.jpg'}, {'photoName': '407120235_3639388846350462_7602680520075635844_n.jpg'}, {'photoName': '407125298_3639388773017136_6642265627373628328_n.jpg'}, {'photoName': '407134685_3639388296350517_2115795026295978459_n.jpg'}, {'photoName': '407137485_3639388269683853_8478288958205543333_n.jpg'}, {'photoName': '407141615_3639387889683891_7697099033717682841_n.jpg'}, {'photoName': '407150623_3639388819683798_4556256255742665719_n.jpg'}, {'photoName': '407943816_3639388679683812_5819321639564353793_n.jpg'}, {'photoName': '407952913_3639388379683842_5678858926668568693_n.jpg'}, {'photoName': '407967489_3639389066350440_7932353568556157559_n.jpg'}, {'photoName': '407969773_3639388136350533_603195368539000496_n.jpg'}, {'photoName': '407975928_3639388909683789_7564341881937515387_n.jpg'}, {'photoName': '407988822_3639388976350449_2820925499294659958_n.jpg'}, {'photoName': '407997752_3639388409683839_7982321710152362091_n.jpg'}, {'photoName': '408012109_3639387319683948_980876372983457922_n.jpg'}, {'photoName': '408031393_3639388263017187_7116112222398453272_n.jpg'}, {'photoName': '408033967_3639388726350474_8466808737775160796_n.jpg'}, {'photoName': '408680322_3639388866350460_7622454068483166104_n.jpg'}], 'start_time': datetime.datetime(2023, 12, 23, 11, 55, 35, 454760), 'end_time': datetime.datetime(2023, 12, 23, 11, 55, 35, 454760)}]",2.660301,Nhan_407093640_3639339973022016_7470191945418700463_n_face_0.jpg,2.660301,0.0
"[{'target_node': '330375709_570848431655155_112535939561616687_n_face_2.jpg', 'results': [], 'start_time': datetime.datetime(2023, 12, 23, 11, 55, 35, 454760), 'end_time': datetime.datetime(2023, 12, 23, 11, 55, 35, 454760)}, {'target_node': '330561082_3385380625048370_2985818123779051572_n_face_1.jpg', 'results': [], 'start_time': datetime.datetime(2023, 12, 23, 11, 55, 35, 454760), 'end_time': datetime.datetime(2023, 12, 23, 11, 55, 35, 454760)}, {'target_node': '330594639_1249374238989610_1874105007602396421_n_face_1.jpg', 'results': [{'photoName': '330375709_570848431655155_112535939561616687_n.jpg'}, {'photoName': '330561082_3385380625048370_2985818123779051572_n.jpg'}, {'photoName': '330594639_1249374238989610_1874105007602396421_n.jpg'}], 'start_time': datetime.datetime(2023, 12, 23, 11, 55, 35, 454760), 'end_time': datetime.datetime(2023, 12, 23, 11, 55, 35, 454760)}, {'target_node': '35357268_1046653092167070_5310171876851449856_n_face_0.jpg', 'results': [], 'start_time': datetime.datetime(2023, 12, 23, 11, 55, 35, 454760), 'end_time': datetime.datetime(2023, 12, 23, 11, 55, 35, 454760)}, {'target_node': '65025587_1339650212867355_2560627053397278720_n_face_0.jpg', 'results': [{'photoName': '65025587_1339650212867355_2560627053397278720_n.jpg'}], 'start_time': datetime.datetime(2023, 12, 23, 11, 55, 35, 454760), 'end_time': datetime.datetime(2023, 12, 23, 11, 55, 35, 454760)}, {'target_node': '67316147_1661896823942230_8548814961655152640_n_face_2.jpg', 'results': [{'photoName': '407113452_3639388386350508_2451942552845854960_n.jpg'}, {'photoName': '407134685_3639388296350517_2115795026295978459_n.jpg'}, {'photoName': '67316147_1661896823942230_8548814961655152640_n.jpg'}], 'start_time': datetime.datetime(2023, 12, 23, 11, 55, 35, 454760), 'end_time': datetime.datetime(2023, 12, 23, 11, 55, 35, 454760)}]",2.751014,PhuocAn_42782817_1147717875393924_3677375875285778432_n_face_0.jpg,2.751014,0.0
"[{'target_node': '106024481_1144349515938014_2546953419725222692_n_face_0.jpg', 'results': [], 'start_time': datetime.datetime(2023, 12, 23, 11, 55, 35, 454760), 'end_time': datetime.datetime(2023, 12, 23, 11, 55, 35, 454760)}, {'target_node': '298122930_1693575727682054_6098897305308334614_n_face_0.jpg', 'results': [], 'start_time': datetime.datetime(2023, 12, 23, 11, 55, 35, 454760), 'end_time': datetime.datetime(2023, 12, 23, 11, 55, 35, 454760)}, {'target_node': '65260859_2385192605138471_1145201657374572544_n_face_1.jpg', 'results': [{'photoName': '406340134_3632991450315090_6871779816903040518_n.jpg'}, {'photoName': '65260859_2385192605138471_1145201657374572544_n.jpg'}], 'start_time': datetime.datetime(2023, 12, 23, 11, 55, 35, 454760), 'end_time': datetime.datetime(2023, 12, 23, 11, 55, 35, 454760)}, {'target_node': '93060484_1086635208376112_2783265646782185472_n_face_6.jpg', 'results': [{'photoName': '106024481_1144349515938014_2546953419725222692_n.jpg'}, {'photoName': '298122930_1693575727682054_6098897305308334614_n.jpg'}, {'photoName': '313426940_1442357016287641_4462072966231815312_n.jpg'}, {'photoName': '407997752_3639388409683839_7982321710152362091_n.jpg'}, {'photoName': '93060484_1086635208376112_2783265646782185472_n.jpg'}], 'start_time': datetime.datetime(2023, 12, 23, 11, 55, 35, 454760), 'end_time': datetime.datetime(2023, 12, 23, 11, 55, 35, 454760)}, {'target_node': '93372188_1086635141709452_4306861567976144896_n_face_0.jpg', 'results': [{'photoName': '93372188_1086635141709452_4306861567976144896_n.jpg'}], 'start_time': datetime.datetime(2023, 12, 23, 11, 55, 35, 454760), 'end_time': datetime.datetime(2023, 12, 23, 11, 55, 35, 454760)}]",2.180798,QuocDai_301470366_1706758023030491_4633904086797722346_n_face_0.jpg,2.180798,0.0
"[{'target_node': '407137485_3639388269683853_8478288958205543333_n_face_4.jpg', 'results': [{'photoName': '400447193_894766958667505_7707180124773793803_n.jpg'}, {'photoName': '407088160_3639340409688639_6417481514085222304_n.jpg'}, {'photoName': '407137485_3639388269683853_8478288958205543333_n.jpg'}], 'start_time': datetime.datetime(2023, 12, 23, 11, 55, 35, 454760), 'end_time': datetime.datetime(2023, 12, 23, 11, 55, 35, 454760)}, {'target_node': '407141615_3639387889683891_7697099033717682841_n_face_0.jpg', 'results': [], 'start_time': datetime.datetime(2023, 12, 23, 11, 55, 35, 454760), 'end_time': datetime.datetime(2023, 12, 23, 11, 55, 35, 454760)}, {'target_node': '5346a2ebcf71662f3f605_face_0.jpg', 'results': [], 'start_time': datetime.datetime(2023, 12, 23, 11, 55, 35, 454760), 'end_time': datetime.datetime(2023, 12, 23, 11, 55, 35, 454760)}, {'target_node': '5346a2ebcf71662f3f605_face_1.jpg', 'results': [], 'start_time': datetime.datetime(2023, 12, 23, 11, 55, 35, 454760), 'end_time': datetime.datetime(2023, 12, 23, 11, 55, 35, 454760)}, {'target_node': 'bc52e2d58e4f27117e5e6_face_0.jpg', 'results': [{'photoName': '5346a2ebcf71662f3f605.jpg'}, {'photoName': 'bc52e2d58e4f27117e5e6.jpg'}], 'start_time': datetime.datetime(2023, 12, 23, 11, 55, 35, 454760), 'end_time': datetime.datetime(2023, 12, 23, 11, 55, 35, 454760)}, {'target_node': 'daefe4838919204779087_face_1.jpg', 'results': [{'photoName': '358427956_3373370076127671_2302542668434134118_n.jpg'}, {'photoName': '370518432_3686563951575155_1768129710849050859_n.jpg'}, {'photoName': '370565386_3686563938241823_7969307815219713869_n.jpg'}, {'photoName': '370565580_3686563968241820_470505662653458081_n.jpg'}, {'photoName': '371327397_3686563898241827_3513752213616040720_n.jpg'}, {'photoName': '5346a2ebcf71662f3f605.jpg'}, {'photoName': 'daefe4838919204779087.jpg'}], 'start_time': datetime.datetime(2023, 12, 23, 11, 55, 35, 454760), 'end_time': datetime.datetime(2023, 12, 23, 11, 55, 35, 454760)}]",2.686212,QuynhAnh_041784d4f74e5e10075f2_face_0.jpg,2.686212,0.0
"[{'target_node': '407052333_3639388709683809_7808423582394047363_n_face_0.jpg', 'results': [], 'start_time': datetime.datetime(2023, 12, 23, 11, 55, 35, 454760), 'end_time': datetime.datetime(2023, 12, 23, 11, 55, 35, 454760)}, {'target_node': '407979820_3639388103017203_8288626986477414512_n_face_0.jpg', 'results': [], 'start_time': datetime.datetime(2023, 12, 23, 11, 55, 35, 454760), 'end_time': datetime.datetime(2023, 12, 23, 11, 55, 35, 454760)}, {'target_node': '407997752_3639388409683839_7982321710152362091_n_face_2.jpg', 'results': [{'photoName': '407997752_3639388409683839_7982321710152362091_n.jpg'}], 'start_time': datetime.datetime(2023, 12, 23, 11, 55, 35, 454760), 'end_time': datetime.datetime(2023, 12, 23, 11, 55, 35, 454760)}]",2.452485,QuynhAnh_041784d4f74e5e10075f2_face_1.jpg,2.452485,0.0
